Product 1,Product 2,Product 3,Product 4
Laptop,Mouse,Headphones,Keyboard
TV,Soundbar,HDMI Cable,Blu-ray Player
Smartphone,Charger,Screen Protector,Case
Yoga Mat,Yoga Block,Yoga Towel,Resistance Bands
Coffee Maker,Coffee Filters,Mug,Coffee Grinder
Blender,Smoothie Mix,Fruits,Milk Frother
Laptop,Backpack,Mouse,Gaming Headset
TV,Wall Mount,Yoga Mat,
Smartphone,Earbuds,Case,Yoga Pants
Yoga Mat,Yoga Pants,Yoga Ball,Coffee Maker
Coffee Maker,Coffee Beans,Coffee Grinder,TV
Blender,Protein Powder,Smoothie Mix,Fruits
Laptop,External Hard Drive,Backpack,Blender
TV,Soundbar,HDMI Cable,Smartphone
Smartphone,Charger,Case,Screen Protector
Yoga Mat,Yoga Towel,Yoga Block,Laptop
Coffee Maker,Mug,Coffee Filters,Yoga Mat
Blender,Fruits,Protein Powder,Milk Frother
Laptop,Mouse,Backpack,Coffee Maker
TV,Soundbar,,Blender
Smartphone,Screen Protector,Charger,Earbuds
Yoga Mat,Yoga Block,Yoga Strap,Smartphone
Coffee Maker,Coffee Beans,Mug,Milk Frother
Blender,Smoothie Mix,Fruits,
Laptop,External Hard Drive,Keyboard,Yoga Mat
TV,Soundbar,Blu-ray Player,Headphones
Smartphone,Charger,Case,Coffee Maker
Laptop,Backpack,Gaming Headset,TV
Blender,Fruits,Protein Powder,Smoothie Mix
TV,Coffee Maker,Coffee Filters,Laptop
